{
  "fitness": 45.003,
  "brain": {
    "weights": [
      0.46901031498069257,
      0.8027025374571108,
      -0.2874727235092944,
      -0.824321586674793,
      0.2640423593283594,
      -0.42907166607272273,
      -0.9157903472692568,
      -0.07471151115635566,
      0.8211721384020447,
      0.05826785417930491,
      0.17594599064676641,
      0.5904106743498212,
      -0.6142670099783043,
      -0.44104987636476567,
      -0.2778782446608754
    ]
  }
}